1	Het handboek · rumo
2	Receptieprocedures, huisregels, noodplannen op één doorzoekbare plek. Iedereen werkt op dezelfde manier, ook nieuwe medewerkers. En Rudy leest mee.
3	<a href="faq.html">FAQ</a>
4	Het handboek
5	Eén plek voor<br>alles wat je <em>weet</em>.
6	Procedures, huisregels en noodplannen op één doorzoekbare plek in plaats van verspreid over Word, WhatsApp en de schoenendoos achter de balie. Op de telefoon van wie het nodig heeft, tijdens de shift.
7	Het houdt <em>jouw</em> kennis bij, niet de onze. Iedereen leest, schrijven is voor managers en admins.
8	Wie ziet wat
9	Niet alles hoort <em>voor iedereen.</em>
10	Je maakt je eigen categorieën en schermt ze af per rol. Dat is belangrijker dan het klinkt: een housekeeper die veertig receptieartikels ziet staan, scrollt ook voorbij de vier die wél voor haar zijn.
11	Een afgeschermde categorie staat niet in haar lijst, en Rudy citeert er bij haar niet uit
12	Artikels sleep je zelf op volgorde, ook op een telefoon
13	Bijlagen tot 25 MB. Pdf's en foto's gaan open in het scherm zelf
14	Handboek
15	36 artikels &middot; 12 collega's
16	<span class="aan">Alles</span><span>Receptie</span><span>Housekeeping</span><span>Keuken</span><span>Veiligheid</span><span>Mededelingen</span>
17	<span class="sub">Receptie</span><br><b>Check-in bij een late aankomst</b>
18	Gelezen door 12
19	<span class="sub">Housekeeping</span><br><b>Kamer klaarzetten voor aankomst</b>
20	<span class="sub">Receptie &middot; afgeschermd</span><br><b>Kluis en kassaprocedure</b>
21	Alleen receptie
22	Slepen om de volgorde te wijzigen
23	Gelezen
24	Wijzig je een procedure, dan is ze <em>weer ongelezen.</em>
25	Iemand bevestigt per artikel dat hij het gelezen heeft, en die bevestiging hangt aan de versie die er toen stond. Pas je het artikel aan, dan komt het terug op de lijst van precies die mensen.
26	Niet als straf, maar omdat het waar is: ze hebben iets gelezen dat er niet meer staat. En dat is de gevaarlijkste vorm van niet-weten, want wie de oude versie kende gaat niet uit zichzelf opnieuw kijken.
27	De oude bevestiging blijft bewaard. Dat is je bewijs dat ze de vórige versie kenden.
28	Receptie &middot; 12 collega's
29	<span class="al-cat">Ontbijt</span><br><b>Glutenvrij en andere allergie&euml;n</b>
30	<span class="al-cat">Veiligheid</span><br><b>Wat te doen bij brandalarm</b>
31	<span class="al-merk was">Gelezen door 12
32	Ongelezen bij 12
33	<span class="al-cat">Receptie</span><br><b>Late check-out en verlengingen</b>
34	Gelezen door 11
35	<span class="al-cat">Housekeeping</span><br><b>Kamer klaarzetten voor aankomst</b>
36	Terugvinden
37	De echte test is <em>kwart over elf 's avonds.</em>
38	Een handboek is niet geslaagd omdat het geschreven is. Het is geslaagd als iemand er om kwart over elf iets in terugvindt terwijl er een gast voor hem staat.
39	Zoekt ook in de tekst van je bijgevoegde pdf's
40	Werkt op een telefoon, zonder aparte app
41	Een zoekopdracht zonder resultaat wijst je een gat in je procedures aan
42	Zoeken
43	3 resultaten
44	<b>late check-in</b><span class="chip grijs">Ctrl+K</span>
45	Artikels
46	<span class="sub">Receptie &middot; 4 stappen</span><br><b>Check-in bij een late aankomst</b>
47	Openen
48	<span class="sub">Receptie &middot; 2 stappen</span><br><b>Deurcode versturen via de portal</b>
49	<span class="sub">Veiligheid &middot; pdf, pagina 3</span><br><b>Nachtprocedure &middot; buiten de uren</b>
50	Werkt op de telefoon, geen aparte app
51	Schrijven
52	Schrijf het in rumo zelf. <em>Niet ergens anders.</em>
53	Geen Word-bestand om te importeren. Je tikt het rechtstreeks in, met foto's in de tekst en een filmpje als link naar YouTube of Vimeo.
54	<strong>Een foto is hier geen versiering.</strong> Een zin beschrijft een norm, een foto <em>is</em> de norm. Dat scheelt je een half uur discussie per nieuwe medewerker.
55	Dat filmpje staat bij YouTube, niet bij ons. Zet iemand het op privé, dan is je procedure leeg zonder dat je het merkt
56	Artikel bewerken
57	<b>Kamer klaarzetten voor aankomst</b><span class="chip grijs">Versie 3</span>
58	Inhoud
59	<span class="sub">Tekst</span><br><b>Zes stappen, in volgorde</b>
60	Klaar
61	<span class="sub">Foto</span><br><b>Zo ligt het bed als het af is</b>
62	In de tekst
63	<span class="sub">Filmpje</span><br><b>Bed opmaken &middot; link naar YouTube</b>
64	Speelt hier af
65	Publiceren
66	Iedereen leest, schrijven is voor managers en admins
67	Bron voor Rudy
68	Wat je schrijft, <em>weet Rudy.</em>
69	Vraagt iemand iets over jullie manier van werken, dan zoekt Rudy in het handboek en zet hij het artikel erbij waar hij het uit haalt. Hij houdt zich aan dezelfde afscherming per rol.
70	Staat het antwoord nergens, dan zegt hij dat en biedt hij aan er een artikel over te schrijven. Dat is het goedkoopste signaal dat je krijgt over een gat in je eigen procedures.
71	Over rumo zelf antwoordt hij uit de handleiding. Vraag hoe de kalender werkt en dat komt van ons; vraag wat jullie doen bij een brandalarm en dat komt van jullie.
72	Andere features
73	Het handboek is <em>één laag</em>.<br>Daar omheen ligt nog wat.
74	De PMS, Rudy, preventie, channel manager, guest portal. Allemaal in dezelfde rumo, allemaal samen één systeem.
75	De <em>PMS</em>
76	Lees meer →
77	<em>Rudy</em>
78	<em>Preventie</em> &amp; welzijn
79	<em>Channel</em> manager
80	Guest <em>portal &amp; booking engine</em>
81	Zelf proberen
82	Geen demo-gesprek.<br>Gewoon <em>14 dagen</em> spelen.
83	Geen creditcard, geen verplichtingen, geen "account manager" die je elke week opbelt. Een demo-omgeving vol nepreservaties, en een handboek dat je meteen kan vullen. Bevalt het niet? Dan verdwijnt het stilletjes.
84	Probeer 14 dagen gratis <span>→</span>
85	Geen credit card · Na 6 maanden maandelijks opzegbaar · <a href="overstappen.html">Gratis datamigratie</a>
86	<a href="https://wa.me/32485382828">WhatsApp</a>
87	<a href="features.html#integraties">Booking.com</a>
88	<a href="features.html#integraties">Airbnb</a>
89	<a href="features.html#integraties">Exact Online</a>
90	<a href="features.html#integraties">Peppol</a>
91	<span>© 2026 Rumo · Gent, BE</span> <span><a href="privacy.html">Privacy</a> · <a href="cookies.html">Cookies</a></span>
92	Menu
93	Het handboek in rumo: categorieën met hun artikels, waarbij de categorie Receptie afgeschermd is voor housekeeping.
94	Het handboek in rumo: een aangepaste brandprocedure springt terug op ongelezen bij de collega's die de vorige versie bevestigd hadden.
95	Zoeken in het handboek: drie resultaten op late check-in, waarvan één uit de tekst van een bijgevoegde pdf.
96	Een artikel schrijven in rumo: tekst, een foto als norm en een filmpje als link.
