1	Je leidt vaker op, aan mensen die er minder vaak zijn · uitgelegd door rumo
2	Er komen meer studenten en flexi's achter je balie, ze blijven korter, en omdat ze minder vaak werken duurt het langer voor een handeling er echt in zit. Over wat je één keer kan maken en wat je moet oefenen.
3	<a href="../faq.html">FAQ</a>
4	← Uitgelegd
5	Opleiden
6	Je leidt vaker op, aan mensen die er <em>minder vaak zijn.</em>
7	Een vaste medewerker leid je één keer op en daar heb je jaren plezier van. Maar er staan steeds meer studenten en flexi's achter je balie, ze blijven korter, en omdat ze minder vaak werken duurt het ook langer voor een handeling er echt in zit.
8	<span>Leestijd 3 minuten</span> <span>Voor wie mensen opleidt</span> <span>Geldt ook zonder rumo</span>
9	Twee dingen die <em>tegelijk</em> gebeuren
10	Het eerste is een kwestie van aantallen. Waar je vroeger één vaste receptionist opleidde, staan er nu een student voor de weekends, een flexi voor de drukke maanden en iemand die het een seizoen komt proberen. Meer mensen, en elk van hen blijft korter. Dezelfde uitleg gaat dus vaker de deur uit.
11	Het tweede is minder zichtbaar en weegt zwaarder. <strong>Wie minder vaak werkt, leert trager.</strong> Niet omdat hij het minder goed opneemt, maar omdat een handeling inslijpt door herhaling. Een vaste medewerker doet een check-out vijf keer per week en kan het na een maand in zijn slaap. Wie één zaterdag op twee werkt, doet die check-out misschien twintig keer in datzelfde half jaar, en begint elke shift een beetje opnieuw.
12	Je leidt dus vaker op, aan mensen bij wie het langer duurt. Die twee vermenigvuldigen elkaar.
13	Herhaling is precies wat er <em>weg</em> is
14	De klassieke opleiding rekent stilzwijgend op herhaling. Je legt iets één keer uit, de nieuwe ziet het daarna elke dag opnieuw, en na twee weken zit het erin. Dat werkt zolang die persoon er elke dag is.
15	Valt die herhaling weg, dan valt de hele constructie weg. En dan komt er iets voor in de plaats dat je niet wil: de collega die het er wel bij neemt. Elke shift een paar keer vragen, aan wie er toevallig naast staat. Dat kost twee mensen tijd in plaats van één, en het is nergens zichtbaar.
16	De helft kan je <em>niet</em> opschrijven
17	In een opleiding zitten twee soorten dingen.
18	<strong>Dingen die iemand moet weten.</strong> Waar de reservesleutels liggen, met welk taxibedrijf jullie werken, wat de annulatieregel is. Dat kan je opschrijven, en dan hoef je het nooit meer te zeggen.
19	<strong>Dingen die iemand moet kunnen.</strong> Een groep inchecken, een creditnota maken, een no-show afhandelen.
20	Dat tweede lijstje leest niemand zich eigen. Je kan het perfect opschrijven, met schermafbeeldingen en pijltjes op de juiste knoppen, en dan nog staat die persoon te zweten de eerste keer dat het echt moet. En hoe minder vaak hij werkt, hoe verder die eerste keer weg ligt van de uitleg.
21	Een opleiding is niet geslaagd omdat ze <em>gegeven</em> is.
22	Ze is geslaagd als de handeling erna klopt
23	En oefenen kan alleen in het <em>echte</em> systeem
24	Daar zit de knoop. De enige plek waar iemand een echte factuur kan maken, is jouw echte hotel. Met een echte gast, echt geld en een boekhouding die alles bijhoudt. Dus leren nieuwe mensen de moeilijke handelingen <strong>op de dag dat het misgaat</strong>: onder tijdsdruk, met iemand die staat te wachten.
25	De gebruikelijke uitweg is een testboeking op naam van "Test Test". Een check-in kan je daar prima mee oefenen. Maar zodra het over geld gaat, zit die factuur in je nummering en staat die creditnota in je boekhouding. En dan is er nog iets dat mensen consequent vergeten.
26	<strong>De mail is het gevaarlijkste stuk.</strong> Een oefencheck-in stuurt een bevestiging. Een oefenannulering stuurt een annulering. Een oefenbetaallink is een echte betaallink, met een echt bedrag erop.
27	Het is de eerste vraag die je over elke oefenomgeving moet stellen: <em>wat kan hier naar buiten?</em> Naast de mail zijn dat je kanalen, je betalingen en je deursloten.
28	Wat je morgen al kan doen, ook <em>zonder</em> software
29	<strong>Schrijf op wat je twee keer hebt gezegd.</strong> Die tweede keer is het signaal, niet de zesde. Vijf zinnen die er staan zijn meer waard dan een hoofdstuk dat je van plan bent.
30	<strong>Maak een lijst van tien handelingen</strong> die een nieuwe moet kunnen. Tien, geen dertig. Wie dertig dingen moet leren, leert er nul.
31	<strong>Spreek per handeling af hoe "goed" eruitziet</strong>, in één zin, vóór je iemand laat oefenen. Kijk daarbij naar de uitkomst en niet naar de klikken: er is bijna altijd meer dan één juiste weg.
32	<strong>Laat iemand een dag vóór zijn eerste shift door je procedures scrollen.</strong> Niet om ze te kennen, wel om te weten dát ze bestaan.
33	In rumo bestaat hier een oefenkopie voor, het trainingshotel. Gratis, en het telt niet mee als een tweede hotel. Erin zit de inrichting van je eigen hotel met verzonnen gasten, en de vier draden naar buiten zijn doorgeknipt: de mail vertrekt niet, er is geen koppeling met de kanalen, er wordt nooit een kaart afgeboekt en de deursloten zijn niet overgenomen.
34	Het oefenen zelf is een gesprek met Rudy: hij geeft één opdracht tegelijk, jij voert ze uit in de app, en daarna kijkt hij in de gegevens of het er echt staat. Hij beoordeelt dus niet zelf. Je voortgang is privé, ook voor de manager, en één keer per week wordt alles leeggemaakt en opnieuw gevuld.
35	Nog zoiets uitgezocht?
36	We leggen het liever <em>uit</em><br>dan dat we het verkopen.
37	De dingen die je erbij krijgt als je een hotel runt: keuringen, contingenten, commissies, mensen opleiden. Wij hebben ze zelf moeten uitzoeken en schrijven op wat we gevonden hebben.
38	Alles wat we uitleggen <span>→</span>
39	Geen credit card · Na 6 maanden maandelijks opzegbaar · <a href="../overstappen.html">Gratis datamigratie</a>
40	<a href="index.html">Uitgelegd</a>
41	<a href="https://wa.me/32485382828">WhatsApp</a>
42	<a href="../features.html#integraties">Booking.com</a>
43	<a href="../features.html#integraties">Airbnb</a>
44	<a href="../features.html#integraties">Exact Online</a>
45	<a href="../features.html#integraties">Peppol</a>
46	<span>© 2026 Rumo · Gent, BE</span> <span><a href="../privacy.html">Privacy</a> · <a href="../cookies.html">Cookies</a></span>
47	Menu
